"","qseqid","species","genus","family","order","class","phylum","kingdom","seq_percID","diff","taxonomic_level","taxon"
"1","ASV10","Ammodytes personatus","Ammodytes","Ammodytidae","Uranoscopiformes","Actinopteri","Chordata","Eukaryota",100,0,"family","Ammodytidae"
"2","ASV10","Ammodytes marinus","Ammodytes","Ammodytidae","Uranoscopiformes","Actinopteri","Chordata","Eukaryota",99.408,0.591999999999999,"family","Ammodytidae"
"3","ASV10","Ammodytes tobianus","Ammodytes","Ammodytidae","Uranoscopiformes","Actinopteri","Chordata","Eukaryota",99.408,0.591999999999999,"family","Ammodytidae"
"4","ASV10","Hyperoplus immaculatus","Hyperoplus","Ammodytidae","Uranoscopiformes","Actinopteri","Chordata","Eukaryota",99.408,0.591999999999999,"family","Ammodytidae"
"5","ASV10","Hyperoplus lanceolatus","Hyperoplus","Ammodytidae","Uranoscopiformes","Actinopteri","Chordata","Eukaryota",99.408,0.591999999999999,"family","Ammodytidae"
"6","ASV10","Ammodytes hexapterus","Ammodytes","Ammodytidae","Uranoscopiformes","Actinopteri","Chordata","Eukaryota",98.817,1.18300000000001,"family","Ammodytidae"
"7","ASV12","Glyptocephalus stelleri","Glyptocephalus","Pleuronectidae","Pleuronectiformes","Actinopteri","Chordata","Eukaryota",100,0,"family","Pleuronectidae"
"8","ASV12","Glyptocephalus zachirus","Glyptocephalus","Pleuronectidae","Pleuronectiformes","Actinopteri","Chordata","Eukaryota",100,0,"family","Pleuronectidae"
"9","ASV12","Glyptocephalus cynoglossus","Glyptocephalus","Pleuronectidae","Pleuronectiformes","Actinopteri","Chordata","Eukaryota",99.408,0.591999999999999,"family","Pleuronectidae"
"10","ASV12","Microstomus achne","Microstomus","Pleuronectidae","Pleuronectiformes","Actinopteri","Chordata","Eukaryota",99.408,0.591999999999999,"family","Pleuronectidae"
"11","ASV12","Microstomus kitt","Microstomus","Pleuronectidae","Pleuronectiformes","Actinopteri","Chordata","Eukaryota",99.408,0.591999999999999,"family","Pleuronectidae"
"12","ASV12","Limanda aspera","Limanda","Pleuronectidae","Pleuronectiformes","Actinopteri","Chordata","Eukaryota",98.817,1.18300000000001,"family","Pleuronectidae"
"13","ASV12","Limanda limanda","Limanda","Pleuronectidae","Pleuronectiformes","Actinopteri","Chordata","Eukaryota",98.817,1.18300000000001,"family","Pleuronectidae"
"14","ASV12","Hippoglossus hippoglossus","Hippoglossus","Pleuronectidae","Pleuronectiformes","Actinopteri","Chordata","Eukaryota",98.225,1.77500000000001,"family","Pleuronectidae"
"15","ASV12","Hippoglossus stenolepis","Hippoglossus","Pleuronectidae","Pleuronectiformes","Actinopteri","Chordata","Eukaryota",98.225,1.77500000000001,"family","Pleuronectidae"
"16","ASV14","Sebastes alutus","Sebastes","Sebastidae","Perciformes","Actinopteri","Chordata","Eukaryota",100,0,"family","Sebastidae"
"17","ASV14","Sebastes elongatus","Sebastes","Sebastidae","Perciformes","Actinopteri","Chordata","Eukaryota",100,0,"family","Sebastidae"
"18","ASV14","Sebastes hubbsi","Sebastes","Sebastidae","Perciformes","Actinopteri","Chordata","Eukaryota",100,0,"family","Sebastidae"
"19","ASV14","Sebastes joyneri","Sebastes","Sebastidae","Perciformes","Actinopteri","Chordata","Eukaryota",100,0,"family","Sebastidae"
"20","ASV14","Sebastes longispinis","Sebastes","Sebastidae","Perciformes","Actinopteri","Chordata","Eukaryota",100,0,"family","Sebastidae"
"21","ASV14","Sebastes melanops","Sebastes","Sebastidae","Perciformes","Actinopteri","Chordata","Eukaryota",100,0,"family","Sebastidae"
"22","ASV14","Sebastes melanostictus","Sebastes","Sebastidae","Perciformes","Actinopteri","Chordata","Eukaryota",100,0,"family","Sebastidae"
"23","ASV14","Sebastes oculatus","Sebastes","Sebastidae","Perciformes","Actinopteri","Chordata","Eukaryota",100,0,"family","Sebastidae"
"24","ASV14","Sebastes owstoni","Sebastes","Sebastidae","Perciformes","Actinopteri","Chordata","Eukaryota",100,0,"family","Sebastidae"
"25","ASV14","Sebastes pachycephalus","Sebastes","Sebastidae","Perciformes","Actinopteri","Chordata","Eukaryota",100,0,"family","Sebastidae"
"26","ASV14","Sebastes ruberrimus","Sebastes","Sebastidae","Perciformes","Actinopteri","Chordata","Eukaryota",100,0,"family","Sebastidae"
"27","ASV14","Sebastes rubrivinctus","Sebastes","Sebastidae","Perciformes","Actinopteri","Chordata","Eukaryota",100,0,"family","Sebastidae"
"28","ASV14","Sebastes schlegelii","Sebastes","Sebastidae","Perciformes","Actinopteri","Chordata","Eukaryota",100,0,"family","Sebastidae"
"29","ASV14","Sebastes steindachneri","Sebastes","Sebastidae","Perciformes","Actinopteri","Chordata","Eukaryota",100,0,"family","Sebastidae"
"30","ASV14","Sebastes taczanowskii","Sebastes","Sebastidae","Perciformes","Actinopteri","Chordata","Eukaryota",100,0,"family","Sebastidae"
"31","ASV14","Sebastes thompsoni","Sebastes","Sebastidae","Perciformes","Actinopteri","Chordata","Eukaryota",100,0,"family","Sebastidae"
"32","ASV14","Sebastes ventricosus","Sebastes","Sebastidae","Perciformes","Actinopteri","Chordata","Eukaryota",100,0,"family","Sebastidae"
"33","ASV14","Sebastes wakiyai","Sebastes","Sebastidae","Perciformes","Actinopteri","Chordata","Eukaryota",100,0,"family","Sebastidae"
"34","ASV14","Sebastes babcocki","Sebastes","Sebastidae","Perciformes","Actinopteri","Chordata","Eukaryota",99.405,0.594999999999999,"family","Sebastidae"
"35","ASV14","Sebastes ciliatus","Sebastes","Sebastidae","Perciformes","Actinopteri","Chordata","Eukaryota",99.405,0.594999999999999,"family","Sebastidae"
"36","ASV14","Sebastes crameri","Sebastes","Sebastidae","Perciformes","Actinopteri","Chordata","Eukaryota",99.405,0.594999999999999,"family","Sebastidae"
"37","ASV14","Sebastes diploproa","Sebastes","Sebastidae","Perciformes","Actinopteri","Chordata","Eukaryota",99.405,0.594999999999999,"family","Sebastidae"
"38","ASV14","Sebastes glaucus","Sebastes","Sebastidae","Perciformes","Actinopteri","Chordata","Eukaryota",99.405,0.594999999999999,"family","Sebastidae"
"39","ASV14","Sebastes koreanus","Sebastes","Sebastidae","Perciformes","Actinopteri","Chordata","Eukaryota",99.405,0.594999999999999,"family","Sebastidae"
"40","ASV14","Sebastes mentella","Sebastes","Sebastidae","Perciformes","Actinopteri","Chordata","Eukaryota",99.405,0.594999999999999,"family","Sebastidae"
"41","ASV14","Sebastes mystinus","Sebastes","Sebastidae","Perciformes","Actinopteri","Chordata","Eukaryota",99.405,0.594999999999999,"family","Sebastidae"
"42","ASV14","Sebastes nigrocinctus","Sebastes","Sebastidae","Perciformes","Actinopteri","Chordata","Eukaryota",99.405,0.594999999999999,"family","Sebastidae"
"43","ASV14","Sebastes saxicola","Sebastes","Sebastidae","Perciformes","Actinopteri","Chordata","Eukaryota",99.405,0.594999999999999,"family","Sebastidae"
"44","ASV14","Sebastes scythropus","Sebastes","Sebastidae","Perciformes","Actinopteri","Chordata","Eukaryota",99.405,0.594999999999999,"family","Sebastidae"
"45","ASV14","Sebastes trivittatus","Sebastes","Sebastidae","Perciformes","Actinopteri","Chordata","Eukaryota",99.405,0.594999999999999,"family","Sebastidae"
"46","ASV14","Sebastes variabilis","Sebastes","Sebastidae","Perciformes","Actinopteri","Chordata","Eukaryota",99.405,0.594999999999999,"family","Sebastidae"
"47","ASV14","Sebastes vulpes","Sebastes","Sebastidae","Perciformes","Actinopteri","Chordata","Eukaryota",99.405,0.594999999999999,"family","Sebastidae"
"48","ASV14","Hozukius emblemarius","Hozukius","Sebastidae","Perciformes","Actinopteri","Chordata","Eukaryota",98.81,1.19,"family","Sebastidae"
"49","ASV14","Sebastes auriculatus","Sebastes","Sebastidae","Perciformes","Actinopteri","Chordata","Eukaryota",98.81,1.19,"family","Sebastidae"
"50","ASV14","Sebastes entomelas","Sebastes","Sebastidae","Perciformes","Actinopteri","Chordata","Eukaryota",98.81,1.19,"family","Sebastidae"
"51","ASV14","Sebastes fasciatus","Sebastes","Sebastidae","Perciformes","Actinopteri","Chordata","Eukaryota",98.81,1.19,"family","Sebastidae"
"52","ASV14","Sebastes iracundus","Sebastes","Sebastidae","Perciformes","Actinopteri","Chordata","Eukaryota",98.81,1.19,"family","Sebastidae"
"53","ASV14","Sebastes matsubarae","Sebastes","Sebastidae","Perciformes","Actinopteri","Chordata","Eukaryota",98.81,1.19,"family","Sebastidae"
"54","ASV14","Sebastes norvegicus","Sebastes","Sebastidae","Perciformes","Actinopteri","Chordata","Eukaryota",98.81,1.19,"family","Sebastidae"
"55","ASV14","Sebastes oblongus","Sebastes","Sebastidae","Perciformes","Actinopteri","Chordata","Eukaryota",98.81,1.19,"family","Sebastidae"
"56","ASV14","Sebastes paucispinis","Sebastes","Sebastidae","Perciformes","Actinopteri","Chordata","Eukaryota",98.81,1.19,"family","Sebastidae"
"57","ASV14","Sebastes viviparus","Sebastes","Sebastidae","Perciformes","Actinopteri","Chordata","Eukaryota",98.81,1.19,"family","Sebastidae"
"58","ASV14","Sebastes caurinus","Sebastes","Sebastidae","Perciformes","Actinopteri","Chordata","Eukaryota",98.214,1.786,"family","Sebastidae"
"59","ASV14","Sebastes maliger","Sebastes","Sebastidae","Perciformes","Actinopteri","Chordata","Eukaryota",98.214,1.786,"family","Sebastidae"
"60","ASV14","Sebastes minor","Sebastes","Sebastidae","Perciformes","Actinopteri","Chordata","Eukaryota",98.214,1.786,"family","Sebastidae"
"61","ASV14","Sebastes nebulosus","Sebastes","Sebastidae","Perciformes","Actinopteri","Chordata","Eukaryota",98.214,1.786,"family","Sebastidae"
"62","ASV14","Sebastiscus albofasciatus","Sebastiscus","Sebastidae","Perciformes","Actinopteri","Chordata","Eukaryota",98.214,1.786,"family","Sebastidae"
"63","ASV14","Sebastiscus marmoratus","Sebastiscus","Sebastidae","Perciformes","Actinopteri","Chordata","Eukaryota",98.214,1.786,"family","Sebastidae"
"64","ASV14","Sebastolobus macrochir","Sebastolobus","Sebastidae","Perciformes","Actinopteri","Chordata","Eukaryota",98.214,1.786,"family","Sebastidae"
"65","ASV15","Gadus chalcogrammus","Gadus","Gadidae","Gadiformes","Actinopteri","Chordata","Eukaryota",100,0,"family","Gadidae"
"66","ASV15","Gadus macrocephalus","Gadus","Gadidae","Gadiformes","Actinopteri","Chordata","Eukaryota",100,0,"family","Gadidae"
"67","ASV15","Gadus morhua","Gadus","Gadidae","Gadiformes","Actinopteri","Chordata","Eukaryota",100,0,"family","Gadidae"
"68","ASV15","Gadus ogac","Gadus","Gadidae","Gadiformes","Actinopteri","Chordata","Eukaryota",99.408,0.591999999999999,"family","Gadidae"
"69","ASV15","Arctogadus glacialis","Arctogadus","Gadidae","Gadiformes","Actinopteri","Chordata","Eukaryota",98.824,1.176,"family","Gadidae"
"70","ASV15","Boreogadus saida","Boreogadus","Gadidae","Gadiformes","Actinopteri","Chordata","Eukaryota",98.817,1.18300000000001,"family","Gadidae"
"71","ASV15","Melanogrammus aeglefinus","Melanogrammus","Gadidae","Gadiformes","Actinopteri","Chordata","Eukaryota",98.235,1.765,"family","Gadidae"
"72","ASV15","Merlangius merlangus","Merlangius","Gadidae","Gadiformes","Actinopteri","Chordata","Eukaryota",98.235,1.765,"family","Gadidae"
"73","ASV17","Clupea pallasii","Clupea","Clupeidae","Clupeiformes","Actinopteri","Chordata","Eukaryota",98.837,0,"family","Clupeidae"
"74","ASV17","Clupea harengus","Clupea","Clupeidae","Clupeiformes","Actinopteri","Chordata","Eukaryota",98.256,0.581000000000003,"family","Clupeidae"
"75","ASV17","Sprattus sprattus","Sprattus","Clupeidae","Clupeiformes","Actinopteri","Chordata","Eukaryota",98.256,0.581000000000003,"family","Clupeidae"
"76","ASV21","Sebastes ciliatus","Sebastes","Sebastidae","Perciformes","Actinopteri","Chordata","Eukaryota",99.405,0,"family","Sebastidae"
"77","ASV21","Sebastes crameri","Sebastes","Sebastidae","Perciformes","Actinopteri","Chordata","Eukaryota",99.405,0,"family","Sebastidae"
"78","ASV21","Sebastes variabilis","Sebastes","Sebastidae","Perciformes","Actinopteri","Chordata","Eukaryota",99.405,0,"family","Sebastidae"
"79","ASV21","Sebastes alutus","Sebastes","Sebastidae","Perciformes","Actinopteri","Chordata","Eukaryota",98.81,0.594999999999999,"family","Sebastidae"
"80","ASV21","Sebastes elongatus","Sebastes","Sebastidae","Perciformes","Actinopteri","Chordata","Eukaryota",98.81,0.594999999999999,"family","Sebastidae"
"81","ASV21","Sebastes hubbsi","Sebastes","Sebastidae","Perciformes","Actinopteri","Chordata","Eukaryota",98.81,0.594999999999999,"family","Sebastidae"
"82","ASV21","Sebastes joyneri","Sebastes","Sebastidae","Perciformes","Actinopteri","Chordata","Eukaryota",98.81,0.594999999999999,"family","Sebastidae"
"83","ASV21","Sebastes longispinis","Sebastes","Sebastidae","Perciformes","Actinopteri","Chordata","Eukaryota",98.81,0.594999999999999,"family","Sebastidae"
"84","ASV21","Sebastes melanops","Sebastes","Sebastidae","Perciformes","Actinopteri","Chordata","Eukaryota",98.81,0.594999999999999,"family","Sebastidae"
"85","ASV21","Sebastes melanostictus","Sebastes","Sebastidae","Perciformes","Actinopteri","Chordata","Eukaryota",98.81,0.594999999999999,"family","Sebastidae"
"86","ASV21","Sebastes oculatus","Sebastes","Sebastidae","Perciformes","Actinopteri","Chordata","Eukaryota",98.81,0.594999999999999,"family","Sebastidae"
"87","ASV21","Sebastes owstoni","Sebastes","Sebastidae","Perciformes","Actinopteri","Chordata","Eukaryota",98.81,0.594999999999999,"family","Sebastidae"
"88","ASV21","Sebastes pachycephalus","Sebastes","Sebastidae","Perciformes","Actinopteri","Chordata","Eukaryota",98.81,0.594999999999999,"family","Sebastidae"
"89","ASV21","Sebastes ruberrimus","Sebastes","Sebastidae","Perciformes","Actinopteri","Chordata","Eukaryota",98.81,0.594999999999999,"family","Sebastidae"
"90","ASV21","Sebastes rubrivinctus","Sebastes","Sebastidae","Perciformes","Actinopteri","Chordata","Eukaryota",98.81,0.594999999999999,"family","Sebastidae"
"91","ASV21","Sebastes schlegelii","Sebastes","Sebastidae","Perciformes","Actinopteri","Chordata","Eukaryota",98.81,0.594999999999999,"family","Sebastidae"
"92","ASV21","Sebastes steindachneri","Sebastes","Sebastidae","Perciformes","Actinopteri","Chordata","Eukaryota",98.81,0.594999999999999,"family","Sebastidae"
"93","ASV21","Sebastes taczanowskii","Sebastes","Sebastidae","Perciformes","Actinopteri","Chordata","Eukaryota",98.81,0.594999999999999,"family","Sebastidae"
"94","ASV21","Sebastes thompsoni","Sebastes","Sebastidae","Perciformes","Actinopteri","Chordata","Eukaryota",98.81,0.594999999999999,"family","Sebastidae"
"95","ASV21","Sebastes ventricosus","Sebastes","Sebastidae","Perciformes","Actinopteri","Chordata","Eukaryota",98.81,0.594999999999999,"family","Sebastidae"
"96","ASV21","Sebastes wakiyai","Sebastes","Sebastidae","Perciformes","Actinopteri","Chordata","Eukaryota",98.81,0.594999999999999,"family","Sebastidae"
"97","ASV21","Sebastes babcocki","Sebastes","Sebastidae","Perciformes","Actinopteri","Chordata","Eukaryota",98.214,1.191,"family","Sebastidae"
"98","ASV21","Sebastes diploproa","Sebastes","Sebastidae","Perciformes","Actinopteri","Chordata","Eukaryota",98.214,1.191,"family","Sebastidae"
"99","ASV21","Sebastes glaucus","Sebastes","Sebastidae","Perciformes","Actinopteri","Chordata","Eukaryota",98.214,1.191,"family","Sebastidae"
"100","ASV21","Sebastes koreanus","Sebastes","Sebastidae","Perciformes","Actinopteri","Chordata","Eukaryota",98.214,1.191,"family","Sebastidae"
"101","ASV21","Sebastes mentella","Sebastes","Sebastidae","Perciformes","Actinopteri","Chordata","Eukaryota",98.214,1.191,"family","Sebastidae"
"102","ASV21","Sebastes mystinus","Sebastes","Sebastidae","Perciformes","Actinopteri","Chordata","Eukaryota",98.214,1.191,"family","Sebastidae"
"103","ASV21","Sebastes nigrocinctus","Sebastes","Sebastidae","Perciformes","Actinopteri","Chordata","Eukaryota",98.214,1.191,"family","Sebastidae"
"104","ASV21","Sebastes saxicola","Sebastes","Sebastidae","Perciformes","Actinopteri","Chordata","Eukaryota",98.214,1.191,"family","Sebastidae"
"105","ASV21","Sebastes scythropus","Sebastes","Sebastidae","Perciformes","Actinopteri","Chordata","Eukaryota",98.214,1.191,"family","Sebastidae"
"106","ASV21","Sebastes trivittatus","Sebastes","Sebastidae","Perciformes","Actinopteri","Chordata","Eukaryota",98.214,1.191,"family","Sebastidae"
"107","ASV21","Sebastes vulpes","Sebastes","Sebastidae","Perciformes","Actinopteri","Chordata","Eukaryota",98.214,1.191,"family","Sebastidae"
"108","ASV21","Hozukius emblemarius","Hozukius","Sebastidae","Perciformes","Actinopteri","Chordata","Eukaryota",97.619,1.786,"family","Sebastidae"
"109","ASV21","Sebastes auriculatus","Sebastes","Sebastidae","Perciformes","Actinopteri","Chordata","Eukaryota",97.619,1.786,"family","Sebastidae"
"110","ASV21","Sebastes entomelas","Sebastes","Sebastidae","Perciformes","Actinopteri","Chordata","Eukaryota",97.619,1.786,"family","Sebastidae"
"111","ASV21","Sebastes fasciatus","Sebastes","Sebastidae","Perciformes","Actinopteri","Chordata","Eukaryota",97.619,1.786,"family","Sebastidae"
"112","ASV21","Sebastes iracundus","Sebastes","Sebastidae","Perciformes","Actinopteri","Chordata","Eukaryota",97.619,1.786,"family","Sebastidae"
"113","ASV21","Sebastes matsubarae","Sebastes","Sebastidae","Perciformes","Actinopteri","Chordata","Eukaryota",97.619,1.786,"family","Sebastidae"
"114","ASV21","Sebastes norvegicus","Sebastes","Sebastidae","Perciformes","Actinopteri","Chordata","Eukaryota",97.619,1.786,"family","Sebastidae"
"115","ASV21","Sebastes oblongus","Sebastes","Sebastidae","Perciformes","Actinopteri","Chordata","Eukaryota",97.619,1.786,"family","Sebastidae"
"116","ASV21","Sebastes paucispinis","Sebastes","Sebastidae","Perciformes","Actinopteri","Chordata","Eukaryota",97.619,1.786,"family","Sebastidae"
"117","ASV21","Sebastes viviparus","Sebastes","Sebastidae","Perciformes","Actinopteri","Chordata","Eukaryota",97.619,1.786,"family","Sebastidae"
"118","ASV31","Sebastes ciliatus","Sebastes","Sebastidae","Perciformes","Actinopteri","Chordata","Eukaryota",99.405,0,"family","Sebastidae"
"119","ASV31","Sebastes crameri","Sebastes","Sebastidae","Perciformes","Actinopteri","Chordata","Eukaryota",99.405,0,"family","Sebastidae"
"120","ASV31","Sebastes variabilis","Sebastes","Sebastidae","Perciformes","Actinopteri","Chordata","Eukaryota",99.405,0,"family","Sebastidae"
"121","ASV31","Sebastes alutus","Sebastes","Sebastidae","Perciformes","Actinopteri","Chordata","Eukaryota",98.81,0.594999999999999,"family","Sebastidae"
"122","ASV31","Sebastes elongatus","Sebastes","Sebastidae","Perciformes","Actinopteri","Chordata","Eukaryota",98.81,0.594999999999999,"family","Sebastidae"
"123","ASV31","Sebastes hubbsi","Sebastes","Sebastidae","Perciformes","Actinopteri","Chordata","Eukaryota",98.81,0.594999999999999,"family","Sebastidae"
"124","ASV31","Sebastes joyneri","Sebastes","Sebastidae","Perciformes","Actinopteri","Chordata","Eukaryota",98.81,0.594999999999999,"family","Sebastidae"
"125","ASV31","Sebastes longispinis","Sebastes","Sebastidae","Perciformes","Actinopteri","Chordata","Eukaryota",98.81,0.594999999999999,"family","Sebastidae"
"126","ASV31","Sebastes melanops","Sebastes","Sebastidae","Perciformes","Actinopteri","Chordata","Eukaryota",98.81,0.594999999999999,"family","Sebastidae"
"127","ASV31","Sebastes melanostictus","Sebastes","Sebastidae","Perciformes","Actinopteri","Chordata","Eukaryota",98.81,0.594999999999999,"family","Sebastidae"
"128","ASV31","Sebastes oculatus","Sebastes","Sebastidae","Perciformes","Actinopteri","Chordata","Eukaryota",98.81,0.594999999999999,"family","Sebastidae"
"129","ASV31","Sebastes owstoni","Sebastes","Sebastidae","Perciformes","Actinopteri","Chordata","Eukaryota",98.81,0.594999999999999,"family","Sebastidae"
"130","ASV31","Sebastes pachycephalus","Sebastes","Sebastidae","Perciformes","Actinopteri","Chordata","Eukaryota",98.81,0.594999999999999,"family","Sebastidae"
"131","ASV31","Sebastes ruberrimus","Sebastes","Sebastidae","Perciformes","Actinopteri","Chordata","Eukaryota",98.81,0.594999999999999,"family","Sebastidae"
"132","ASV31","Sebastes rubrivinctus","Sebastes","Sebastidae","Perciformes","Actinopteri","Chordata","Eukaryota",98.81,0.594999999999999,"family","Sebastidae"
"133","ASV31","Sebastes schlegelii","Sebastes","Sebastidae","Perciformes","Actinopteri","Chordata","Eukaryota",98.81,0.594999999999999,"family","Sebastidae"
"134","ASV31","Sebastes steindachneri","Sebastes","Sebastidae","Perciformes","Actinopteri","Chordata","Eukaryota",98.81,0.594999999999999,"family","Sebastidae"
"135","ASV31","Sebastes taczanowskii","Sebastes","Sebastidae","Perciformes","Actinopteri","Chordata","Eukaryota",98.81,0.594999999999999,"family","Sebastidae"
"136","ASV31","Sebastes thompsoni","Sebastes","Sebastidae","Perciformes","Actinopteri","Chordata","Eukaryota",98.81,0.594999999999999,"family","Sebastidae"
"137","ASV31","Sebastes ventricosus","Sebastes","Sebastidae","Perciformes","Actinopteri","Chordata","Eukaryota",98.81,0.594999999999999,"family","Sebastidae"
"138","ASV31","Sebastes wakiyai","Sebastes","Sebastidae","Perciformes","Actinopteri","Chordata","Eukaryota",98.81,0.594999999999999,"family","Sebastidae"
"139","ASV31","Sebastes babcocki","Sebastes","Sebastidae","Perciformes","Actinopteri","Chordata","Eukaryota",98.214,1.191,"family","Sebastidae"
"140","ASV31","Sebastes diploproa","Sebastes","Sebastidae","Perciformes","Actinopteri","Chordata","Eukaryota",98.214,1.191,"family","Sebastidae"
"141","ASV31","Sebastes glaucus","Sebastes","Sebastidae","Perciformes","Actinopteri","Chordata","Eukaryota",98.214,1.191,"family","Sebastidae"
"142","ASV31","Sebastes koreanus","Sebastes","Sebastidae","Perciformes","Actinopteri","Chordata","Eukaryota",98.214,1.191,"family","Sebastidae"
"143","ASV31","Sebastes mentella","Sebastes","Sebastidae","Perciformes","Actinopteri","Chordata","Eukaryota",98.214,1.191,"family","Sebastidae"
"144","ASV31","Sebastes mystinus","Sebastes","Sebastidae","Perciformes","Actinopteri","Chordata","Eukaryota",98.214,1.191,"family","Sebastidae"
"145","ASV31","Sebastes nigrocinctus","Sebastes","Sebastidae","Perciformes","Actinopteri","Chordata","Eukaryota",98.214,1.191,"family","Sebastidae"
"146","ASV31","Sebastes saxicola","Sebastes","Sebastidae","Perciformes","Actinopteri","Chordata","Eukaryota",98.214,1.191,"family","Sebastidae"
"147","ASV31","Sebastes scythropus","Sebastes","Sebastidae","Perciformes","Actinopteri","Chordata","Eukaryota",98.214,1.191,"family","Sebastidae"
"148","ASV31","Sebastes trivittatus","Sebastes","Sebastidae","Perciformes","Actinopteri","Chordata","Eukaryota",98.214,1.191,"family","Sebastidae"
"149","ASV31","Sebastes vulpes","Sebastes","Sebastidae","Perciformes","Actinopteri","Chordata","Eukaryota",98.214,1.191,"family","Sebastidae"
"150","ASV31","Hozukius emblemarius","Hozukius","Sebastidae","Perciformes","Actinopteri","Chordata","Eukaryota",97.619,1.786,"family","Sebastidae"
"151","ASV31","Sebastes auriculatus","Sebastes","Sebastidae","Perciformes","Actinopteri","Chordata","Eukaryota",97.619,1.786,"family","Sebastidae"
"152","ASV31","Sebastes entomelas","Sebastes","Sebastidae","Perciformes","Actinopteri","Chordata","Eukaryota",97.619,1.786,"family","Sebastidae"
"153","ASV31","Sebastes fasciatus","Sebastes","Sebastidae","Perciformes","Actinopteri","Chordata","Eukaryota",97.619,1.786,"family","Sebastidae"
"154","ASV31","Sebastes iracundus","Sebastes","Sebastidae","Perciformes","Actinopteri","Chordata","Eukaryota",97.619,1.786,"family","Sebastidae"
"155","ASV31","Sebastes matsubarae","Sebastes","Sebastidae","Perciformes","Actinopteri","Chordata","Eukaryota",97.619,1.786,"family","Sebastidae"
"156","ASV31","Sebastes norvegicus","Sebastes","Sebastidae","Perciformes","Actinopteri","Chordata","Eukaryota",97.619,1.786,"family","Sebastidae"
"157","ASV31","Sebastes oblongus","Sebastes","Sebastidae","Perciformes","Actinopteri","Chordata","Eukaryota",97.619,1.786,"family","Sebastidae"
"158","ASV31","Sebastes paucispinis","Sebastes","Sebastidae","Perciformes","Actinopteri","Chordata","Eukaryota",97.619,1.786,"family","Sebastidae"
"159","ASV31","Sebastes viviparus","Sebastes","Sebastidae","Perciformes","Actinopteri","Chordata","Eukaryota",97.619,1.786,"family","Sebastidae"
"160","ASV33","Ammodytes personatus","Ammodytes","Ammodytidae","Uranoscopiformes","Actinopteri","Chordata","Eukaryota",99.408,0,"family","Ammodytidae"
"161","ASV33","Ammodytes marinus","Ammodytes","Ammodytidae","Uranoscopiformes","Actinopteri","Chordata","Eukaryota",98.817,0.591000000000008,"family","Ammodytidae"
"162","ASV33","Ammodytes tobianus","Ammodytes","Ammodytidae","Uranoscopiformes","Actinopteri","Chordata","Eukaryota",98.817,0.591000000000008,"family","Ammodytidae"
"163","ASV33","Hyperoplus immaculatus","Hyperoplus","Ammodytidae","Uranoscopiformes","Actinopteri","Chordata","Eukaryota",98.817,0.591000000000008,"family","Ammodytidae"
"164","ASV33","Hyperoplus lanceolatus","Hyperoplus","Ammodytidae","Uranoscopiformes","Actinopteri","Chordata","Eukaryota",98.817,0.591000000000008,"family","Ammodytidae"
"165","ASV33","Ammodytes hexapterus","Ammodytes","Ammodytidae","Uranoscopiformes","Actinopteri","Chordata","Eukaryota",98.225,1.18300000000001,"family","Ammodytidae"
"166","ASV38","Sebastes alutus","Sebastes","Sebastidae","Perciformes","Actinopteri","Chordata","Eukaryota",99.405,0,"family","Sebastidae"
"167","ASV38","Sebastes elongatus","Sebastes","Sebastidae","Perciformes","Actinopteri","Chordata","Eukaryota",99.405,0,"family","Sebastidae"
"168","ASV38","Sebastes hubbsi","Sebastes","Sebastidae","Perciformes","Actinopteri","Chordata","Eukaryota",99.405,0,"family","Sebastidae"
"169","ASV38","Sebastes joyneri","Sebastes","Sebastidae","Perciformes","Actinopteri","Chordata","Eukaryota",99.405,0,"family","Sebastidae"
"170","ASV38","Sebastes longispinis","Sebastes","Sebastidae","Perciformes","Actinopteri","Chordata","Eukaryota",99.405,0,"family","Sebastidae"
"171","ASV38","Sebastes melanops","Sebastes","Sebastidae","Perciformes","Actinopteri","Chordata","Eukaryota",99.405,0,"family","Sebastidae"
"172","ASV38","Sebastes melanostictus","Sebastes","Sebastidae","Perciformes","Actinopteri","Chordata","Eukaryota",99.405,0,"family","Sebastidae"
"173","ASV38","Sebastes oculatus","Sebastes","Sebastidae","Perciformes","Actinopteri","Chordata","Eukaryota",99.405,0,"family","Sebastidae"
"174","ASV38","Sebastes owstoni","Sebastes","Sebastidae","Perciformes","Actinopteri","Chordata","Eukaryota",99.405,0,"family","Sebastidae"
"175","ASV38","Sebastes pachycephalus","Sebastes","Sebastidae","Perciformes","Actinopteri","Chordata","Eukaryota",99.405,0,"family","Sebastidae"
"176","ASV38","Sebastes ruberrimus","Sebastes","Sebastidae","Perciformes","Actinopteri","Chordata","Eukaryota",99.405,0,"family","Sebastidae"
"177","ASV38","Sebastes rubrivinctus","Sebastes","Sebastidae","Perciformes","Actinopteri","Chordata","Eukaryota",99.405,0,"family","Sebastidae"
"178","ASV38","Sebastes schlegelii","Sebastes","Sebastidae","Perciformes","Actinopteri","Chordata","Eukaryota",99.405,0,"family","Sebastidae"
"179","ASV38","Sebastes steindachneri","Sebastes","Sebastidae","Perciformes","Actinopteri","Chordata","Eukaryota",99.405,0,"family","Sebastidae"
"180","ASV38","Sebastes taczanowskii","Sebastes","Sebastidae","Perciformes","Actinopteri","Chordata","Eukaryota",99.405,0,"family","Sebastidae"
"181","ASV38","Sebastes thompsoni","Sebastes","Sebastidae","Perciformes","Actinopteri","Chordata","Eukaryota",99.405,0,"family","Sebastidae"
"182","ASV38","Sebastes ventricosus","Sebastes","Sebastidae","Perciformes","Actinopteri","Chordata","Eukaryota",99.405,0,"family","Sebastidae"
"183","ASV38","Sebastes wakiyai","Sebastes","Sebastidae","Perciformes","Actinopteri","Chordata","Eukaryota",99.405,0,"family","Sebastidae"
"184","ASV38","Sebastes babcocki","Sebastes","Sebastidae","Perciformes","Actinopteri","Chordata","Eukaryota",98.81,0.594999999999999,"family","Sebastidae"
"185","ASV38","Sebastes ciliatus","Sebastes","Sebastidae","Perciformes","Actinopteri","Chordata","Eukaryota",98.81,0.594999999999999,"family","Sebastidae"
"186","ASV38","Sebastes crameri","Sebastes","Sebastidae","Perciformes","Actinopteri","Chordata","Eukaryota",98.81,0.594999999999999,"family","Sebastidae"
"187","ASV38","Sebastes diploproa","Sebastes","Sebastidae","Perciformes","Actinopteri","Chordata","Eukaryota",98.81,0.594999999999999,"family","Sebastidae"
"188","ASV38","Sebastes glaucus","Sebastes","Sebastidae","Perciformes","Actinopteri","Chordata","Eukaryota",98.81,0.594999999999999,"family","Sebastidae"
"189","ASV38","Sebastes koreanus","Sebastes","Sebastidae","Perciformes","Actinopteri","Chordata","Eukaryota",98.81,0.594999999999999,"family","Sebastidae"
"190","ASV38","Sebastes mentella","Sebastes","Sebastidae","Perciformes","Actinopteri","Chordata","Eukaryota",98.81,0.594999999999999,"family","Sebastidae"
"191","ASV38","Sebastes mystinus","Sebastes","Sebastidae","Perciformes","Actinopteri","Chordata","Eukaryota",98.81,0.594999999999999,"family","Sebastidae"
"192","ASV38","Sebastes nigrocinctus","Sebastes","Sebastidae","Perciformes","Actinopteri","Chordata","Eukaryota",98.81,0.594999999999999,"family","Sebastidae"
"193","ASV38","Sebastes saxicola","Sebastes","Sebastidae","Perciformes","Actinopteri","Chordata","Eukaryota",98.81,0.594999999999999,"family","Sebastidae"
"194","ASV38","Sebastes scythropus","Sebastes","Sebastidae","Perciformes","Actinopteri","Chordata","Eukaryota",98.81,0.594999999999999,"family","Sebastidae"
"195","ASV38","Sebastes trivittatus","Sebastes","Sebastidae","Perciformes","Actinopteri","Chordata","Eukaryota",98.81,0.594999999999999,"family","Sebastidae"
"196","ASV38","Sebastes variabilis","Sebastes","Sebastidae","Perciformes","Actinopteri","Chordata","Eukaryota",98.81,0.594999999999999,"family","Sebastidae"
"197","ASV38","Sebastes vulpes","Sebastes","Sebastidae","Perciformes","Actinopteri","Chordata","Eukaryota",98.81,0.594999999999999,"family","Sebastidae"
"198","ASV38","Hozukius emblemarius","Hozukius","Sebastidae","Perciformes","Actinopteri","Chordata","Eukaryota",98.214,1.191,"family","Sebastidae"
"199","ASV38","Sebastes auriculatus","Sebastes","Sebastidae","Perciformes","Actinopteri","Chordata","Eukaryota",98.214,1.191,"family","Sebastidae"
"200","ASV38","Sebastes entomelas","Sebastes","Sebastidae","Perciformes","Actinopteri","Chordata","Eukaryota",98.214,1.191,"family","Sebastidae"
"201","ASV38","Sebastes fasciatus","Sebastes","Sebastidae","Perciformes","Actinopteri","Chordata","Eukaryota",98.214,1.191,"family","Sebastidae"
"202","ASV38","Sebastes iracundus","Sebastes","Sebastidae","Perciformes","Actinopteri","Chordata","Eukaryota",98.214,1.191,"family","Sebastidae"
"203","ASV38","Sebastes matsubarae","Sebastes","Sebastidae","Perciformes","Actinopteri","Chordata","Eukaryota",98.214,1.191,"family","Sebastidae"
"204","ASV38","Sebastes norvegicus","Sebastes","Sebastidae","Perciformes","Actinopteri","Chordata","Eukaryota",98.214,1.191,"family","Sebastidae"
"205","ASV38","Sebastes oblongus","Sebastes","Sebastidae","Perciformes","Actinopteri","Chordata","Eukaryota",98.214,1.191,"family","Sebastidae"
"206","ASV38","Sebastes paucispinis","Sebastes","Sebastidae","Perciformes","Actinopteri","Chordata","Eukaryota",98.214,1.191,"family","Sebastidae"
"207","ASV38","Sebastes viviparus","Sebastes","Sebastidae","Perciformes","Actinopteri","Chordata","Eukaryota",98.214,1.191,"family","Sebastidae"
"208","ASV38","Sebastes caurinus","Sebastes","Sebastidae","Perciformes","Actinopteri","Chordata","Eukaryota",97.619,1.786,"family","Sebastidae"
"209","ASV38","Sebastes maliger","Sebastes","Sebastidae","Perciformes","Actinopteri","Chordata","Eukaryota",97.619,1.786,"family","Sebastidae"
"210","ASV38","Sebastes minor","Sebastes","Sebastidae","Perciformes","Actinopteri","Chordata","Eukaryota",97.619,1.786,"family","Sebastidae"
"211","ASV38","Sebastes nebulosus","Sebastes","Sebastidae","Perciformes","Actinopteri","Chordata","Eukaryota",97.619,1.786,"family","Sebastidae"
"212","ASV38","Sebastiscus albofasciatus","Sebastiscus","Sebastidae","Perciformes","Actinopteri","Chordata","Eukaryota",97.619,1.786,"family","Sebastidae"
"213","ASV38","Sebastiscus marmoratus","Sebastiscus","Sebastidae","Perciformes","Actinopteri","Chordata","Eukaryota",97.619,1.786,"family","Sebastidae"
"214","ASV38","Sebastolobus macrochir","Sebastolobus","Sebastidae","Perciformes","Actinopteri","Chordata","Eukaryota",97.619,1.786,"family","Sebastidae"
"215","ASV43","Ammodytes personatus","Ammodytes","Ammodytidae","Uranoscopiformes","Actinopteri","Chordata","Eukaryota",99.408,0,"family","Ammodytidae"
"216","ASV43","Ammodytes marinus","Ammodytes","Ammodytidae","Uranoscopiformes","Actinopteri","Chordata","Eukaryota",98.817,0.591000000000008,"family","Ammodytidae"
"217","ASV43","Ammodytes tobianus","Ammodytes","Ammodytidae","Uranoscopiformes","Actinopteri","Chordata","Eukaryota",98.817,0.591000000000008,"family","Ammodytidae"
"218","ASV43","Hyperoplus immaculatus","Hyperoplus","Ammodytidae","Uranoscopiformes","Actinopteri","Chordata","Eukaryota",98.817,0.591000000000008,"family","Ammodytidae"
"219","ASV43","Hyperoplus lanceolatus","Hyperoplus","Ammodytidae","Uranoscopiformes","Actinopteri","Chordata","Eukaryota",98.817,0.591000000000008,"family","Ammodytidae"
"220","ASV43","Ammodytes hexapterus","Ammodytes","Ammodytidae","Uranoscopiformes","Actinopteri","Chordata","Eukaryota",98.225,1.18300000000001,"family","Ammodytidae"
"221","ASV6","Sebastes ciliatus","Sebastes","Sebastidae","Perciformes","Actinopteri","Chordata","Eukaryota",100,0,"family","Sebastidae"
"222","ASV6","Sebastes crameri","Sebastes","Sebastidae","Perciformes","Actinopteri","Chordata","Eukaryota",100,0,"family","Sebastidae"
"223","ASV6","Sebastes variabilis","Sebastes","Sebastidae","Perciformes","Actinopteri","Chordata","Eukaryota",100,0,"family","Sebastidae"
"224","ASV6","Sebastes alutus","Sebastes","Sebastidae","Perciformes","Actinopteri","Chordata","Eukaryota",99.405,0.594999999999999,"family","Sebastidae"
"225","ASV6","Sebastes elongatus","Sebastes","Sebastidae","Perciformes","Actinopteri","Chordata","Eukaryota",99.405,0.594999999999999,"family","Sebastidae"
"226","ASV6","Sebastes hubbsi","Sebastes","Sebastidae","Perciformes","Actinopteri","Chordata","Eukaryota",99.405,0.594999999999999,"family","Sebastidae"
"227","ASV6","Sebastes joyneri","Sebastes","Sebastidae","Perciformes","Actinopteri","Chordata","Eukaryota",99.405,0.594999999999999,"family","Sebastidae"
"228","ASV6","Sebastes longispinis","Sebastes","Sebastidae","Perciformes","Actinopteri","Chordata","Eukaryota",99.405,0.594999999999999,"family","Sebastidae"
"229","ASV6","Sebastes melanops","Sebastes","Sebastidae","Perciformes","Actinopteri","Chordata","Eukaryota",99.405,0.594999999999999,"family","Sebastidae"
"230","ASV6","Sebastes melanostictus","Sebastes","Sebastidae","Perciformes","Actinopteri","Chordata","Eukaryota",99.405,0.594999999999999,"family","Sebastidae"
"231","ASV6","Sebastes oculatus","Sebastes","Sebastidae","Perciformes","Actinopteri","Chordata","Eukaryota",99.405,0.594999999999999,"family","Sebastidae"
"232","ASV6","Sebastes owstoni","Sebastes","Sebastidae","Perciformes","Actinopteri","Chordata","Eukaryota",99.405,0.594999999999999,"family","Sebastidae"
"233","ASV6","Sebastes pachycephalus","Sebastes","Sebastidae","Perciformes","Actinopteri","Chordata","Eukaryota",99.405,0.594999999999999,"family","Sebastidae"
"234","ASV6","Sebastes ruberrimus","Sebastes","Sebastidae","Perciformes","Actinopteri","Chordata","Eukaryota",99.405,0.594999999999999,"family","Sebastidae"
"235","ASV6","Sebastes rubrivinctus","Sebastes","Sebastidae","Perciformes","Actinopteri","Chordata","Eukaryota",99.405,0.594999999999999,"family","Sebastidae"
"236","ASV6","Sebastes schlegelii","Sebastes","Sebastidae","Perciformes","Actinopteri","Chordata","Eukaryota",99.405,0.594999999999999,"family","Sebastidae"
"237","ASV6","Sebastes steindachneri","Sebastes","Sebastidae","Perciformes","Actinopteri","Chordata","Eukaryota",99.405,0.594999999999999,"family","Sebastidae"
"238","ASV6","Sebastes taczanowskii","Sebastes","Sebastidae","Perciformes","Actinopteri","Chordata","Eukaryota",99.405,0.594999999999999,"family","Sebastidae"
"239","ASV6","Sebastes thompsoni","Sebastes","Sebastidae","Perciformes","Actinopteri","Chordata","Eukaryota",99.405,0.594999999999999,"family","Sebastidae"
"240","ASV6","Sebastes ventricosus","Sebastes","Sebastidae","Perciformes","Actinopteri","Chordata","Eukaryota",99.405,0.594999999999999,"family","Sebastidae"
"241","ASV6","Sebastes wakiyai","Sebastes","Sebastidae","Perciformes","Actinopteri","Chordata","Eukaryota",99.405,0.594999999999999,"family","Sebastidae"
"242","ASV6","Sebastes babcocki","Sebastes","Sebastidae","Perciformes","Actinopteri","Chordata","Eukaryota",98.81,1.19,"family","Sebastidae"
"243","ASV6","Sebastes diploproa","Sebastes","Sebastidae","Perciformes","Actinopteri","Chordata","Eukaryota",98.81,1.19,"family","Sebastidae"
"244","ASV6","Sebastes glaucus","Sebastes","Sebastidae","Perciformes","Actinopteri","Chordata","Eukaryota",98.81,1.19,"family","Sebastidae"
"245","ASV6","Sebastes koreanus","Sebastes","Sebastidae","Perciformes","Actinopteri","Chordata","Eukaryota",98.81,1.19,"family","Sebastidae"
"246","ASV6","Sebastes mentella","Sebastes","Sebastidae","Perciformes","Actinopteri","Chordata","Eukaryota",98.81,1.19,"family","Sebastidae"
"247","ASV6","Sebastes mystinus","Sebastes","Sebastidae","Perciformes","Actinopteri","Chordata","Eukaryota",98.81,1.19,"family","Sebastidae"
"248","ASV6","Sebastes nigrocinctus","Sebastes","Sebastidae","Perciformes","Actinopteri","Chordata","Eukaryota",98.81,1.19,"family","Sebastidae"
"249","ASV6","Sebastes saxicola","Sebastes","Sebastidae","Perciformes","Actinopteri","Chordata","Eukaryota",98.81,1.19,"family","Sebastidae"
"250","ASV6","Sebastes scythropus","Sebastes","Sebastidae","Perciformes","Actinopteri","Chordata","Eukaryota",98.81,1.19,"family","Sebastidae"
"251","ASV6","Sebastes trivittatus","Sebastes","Sebastidae","Perciformes","Actinopteri","Chordata","Eukaryota",98.81,1.19,"family","Sebastidae"
"252","ASV6","Sebastes vulpes","Sebastes","Sebastidae","Perciformes","Actinopteri","Chordata","Eukaryota",98.81,1.19,"family","Sebastidae"
"253","ASV6","Hozukius emblemarius","Hozukius","Sebastidae","Perciformes","Actinopteri","Chordata","Eukaryota",98.214,1.786,"family","Sebastidae"
"254","ASV6","Sebastes auriculatus","Sebastes","Sebastidae","Perciformes","Actinopteri","Chordata","Eukaryota",98.214,1.786,"family","Sebastidae"
"255","ASV6","Sebastes entomelas","Sebastes","Sebastidae","Perciformes","Actinopteri","Chordata","Eukaryota",98.214,1.786,"family","Sebastidae"
"256","ASV6","Sebastes fasciatus","Sebastes","Sebastidae","Perciformes","Actinopteri","Chordata","Eukaryota",98.214,1.786,"family","Sebastidae"
"257","ASV6","Sebastes iracundus","Sebastes","Sebastidae","Perciformes","Actinopteri","Chordata","Eukaryota",98.214,1.786,"family","Sebastidae"
"258","ASV6","Sebastes matsubarae","Sebastes","Sebastidae","Perciformes","Actinopteri","Chordata","Eukaryota",98.214,1.786,"family","Sebastidae"
"259","ASV6","Sebastes norvegicus","Sebastes","Sebastidae","Perciformes","Actinopteri","Chordata","Eukaryota",98.214,1.786,"family","Sebastidae"
"260","ASV6","Sebastes oblongus","Sebastes","Sebastidae","Perciformes","Actinopteri","Chordata","Eukaryota",98.214,1.786,"family","Sebastidae"
"261","ASV6","Sebastes paucispinis","Sebastes","Sebastidae","Perciformes","Actinopteri","Chordata","Eukaryota",98.214,1.786,"family","Sebastidae"
"262","ASV6","Sebastes viviparus","Sebastes","Sebastidae","Perciformes","Actinopteri","Chordata","Eukaryota",98.214,1.786,"family","Sebastidae"
"263","ASV62","Ammodytes personatus","Ammodytes","Ammodytidae","Uranoscopiformes","Actinopteri","Chordata","Eukaryota",99.408,0,"family","Ammodytidae"
"264","ASV62","Ammodytes marinus","Ammodytes","Ammodytidae","Uranoscopiformes","Actinopteri","Chordata","Eukaryota",98.817,0.591000000000008,"family","Ammodytidae"
"265","ASV62","Ammodytes tobianus","Ammodytes","Ammodytidae","Uranoscopiformes","Actinopteri","Chordata","Eukaryota",98.817,0.591000000000008,"family","Ammodytidae"
"266","ASV62","Hyperoplus immaculatus","Hyperoplus","Ammodytidae","Uranoscopiformes","Actinopteri","Chordata","Eukaryota",98.817,0.591000000000008,"family","Ammodytidae"
"267","ASV62","Hyperoplus lanceolatus","Hyperoplus","Ammodytidae","Uranoscopiformes","Actinopteri","Chordata","Eukaryota",98.817,0.591000000000008,"family","Ammodytidae"
"268","ASV62","Ammodytes hexapterus","Ammodytes","Ammodytidae","Uranoscopiformes","Actinopteri","Chordata","Eukaryota",98.225,1.18300000000001,"family","Ammodytidae"
"269","ASV64","Sebastes alutus","Sebastes","Sebastidae","Perciformes","Actinopteri","Chordata","Eukaryota",99.405,0,"family","Sebastidae"
"270","ASV64","Sebastes elongatus","Sebastes","Sebastidae","Perciformes","Actinopteri","Chordata","Eukaryota",99.405,0,"family","Sebastidae"
"271","ASV64","Sebastes hubbsi","Sebastes","Sebastidae","Perciformes","Actinopteri","Chordata","Eukaryota",99.405,0,"family","Sebastidae"
"272","ASV64","Sebastes joyneri","Sebastes","Sebastidae","Perciformes","Actinopteri","Chordata","Eukaryota",99.405,0,"family","Sebastidae"
"273","ASV64","Sebastes longispinis","Sebastes","Sebastidae","Perciformes","Actinopteri","Chordata","Eukaryota",99.405,0,"family","Sebastidae"
"274","ASV64","Sebastes melanops","Sebastes","Sebastidae","Perciformes","Actinopteri","Chordata","Eukaryota",99.405,0,"family","Sebastidae"
"275","ASV64","Sebastes melanostictus","Sebastes","Sebastidae","Perciformes","Actinopteri","Chordata","Eukaryota",99.405,0,"family","Sebastidae"
"276","ASV64","Sebastes oculatus","Sebastes","Sebastidae","Perciformes","Actinopteri","Chordata","Eukaryota",99.405,0,"family","Sebastidae"
"277","ASV64","Sebastes owstoni","Sebastes","Sebastidae","Perciformes","Actinopteri","Chordata","Eukaryota",99.405,0,"family","Sebastidae"
"278","ASV64","Sebastes pachycephalus","Sebastes","Sebastidae","Perciformes","Actinopteri","Chordata","Eukaryota",99.405,0,"family","Sebastidae"
"279","ASV64","Sebastes ruberrimus","Sebastes","Sebastidae","Perciformes","Actinopteri","Chordata","Eukaryota",99.405,0,"family","Sebastidae"
"280","ASV64","Sebastes rubrivinctus","Sebastes","Sebastidae","Perciformes","Actinopteri","Chordata","Eukaryota",99.405,0,"family","Sebastidae"
"281","ASV64","Sebastes schlegelii","Sebastes","Sebastidae","Perciformes","Actinopteri","Chordata","Eukaryota",99.405,0,"family","Sebastidae"
"282","ASV64","Sebastes steindachneri","Sebastes","Sebastidae","Perciformes","Actinopteri","Chordata","Eukaryota",99.405,0,"family","Sebastidae"
"283","ASV64","Sebastes taczanowskii","Sebastes","Sebastidae","Perciformes","Actinopteri","Chordata","Eukaryota",99.405,0,"family","Sebastidae"
"284","ASV64","Sebastes thompsoni","Sebastes","Sebastidae","Perciformes","Actinopteri","Chordata","Eukaryota",99.405,0,"family","Sebastidae"
"285","ASV64","Sebastes ventricosus","Sebastes","Sebastidae","Perciformes","Actinopteri","Chordata","Eukaryota",99.405,0,"family","Sebastidae"
"286","ASV64","Sebastes wakiyai","Sebastes","Sebastidae","Perciformes","Actinopteri","Chordata","Eukaryota",99.405,0,"family","Sebastidae"
"287","ASV64","Sebastes babcocki","Sebastes","Sebastidae","Perciformes","Actinopteri","Chordata","Eukaryota",98.81,0.594999999999999,"family","Sebastidae"
"288","ASV64","Sebastes ciliatus","Sebastes","Sebastidae","Perciformes","Actinopteri","Chordata","Eukaryota",98.81,0.594999999999999,"family","Sebastidae"
"289","ASV64","Sebastes crameri","Sebastes","Sebastidae","Perciformes","Actinopteri","Chordata","Eukaryota",98.81,0.594999999999999,"family","Sebastidae"
"290","ASV64","Sebastes diploproa","Sebastes","Sebastidae","Perciformes","Actinopteri","Chordata","Eukaryota",98.81,0.594999999999999,"family","Sebastidae"
"291","ASV64","Sebastes glaucus","Sebastes","Sebastidae","Perciformes","Actinopteri","Chordata","Eukaryota",98.81,0.594999999999999,"family","Sebastidae"
"292","ASV64","Sebastes koreanus","Sebastes","Sebastidae","Perciformes","Actinopteri","Chordata","Eukaryota",98.81,0.594999999999999,"family","Sebastidae"
"293","ASV64","Sebastes mentella","Sebastes","Sebastidae","Perciformes","Actinopteri","Chordata","Eukaryota",98.81,0.594999999999999,"family","Sebastidae"
"294","ASV64","Sebastes mystinus","Sebastes","Sebastidae","Perciformes","Actinopteri","Chordata","Eukaryota",98.81,0.594999999999999,"family","Sebastidae"
"295","ASV64","Sebastes nigrocinctus","Sebastes","Sebastidae","Perciformes","Actinopteri","Chordata","Eukaryota",98.81,0.594999999999999,"family","Sebastidae"
"296","ASV64","Sebastes saxicola","Sebastes","Sebastidae","Perciformes","Actinopteri","Chordata","Eukaryota",98.81,0.594999999999999,"family","Sebastidae"
"297","ASV64","Sebastes scythropus","Sebastes","Sebastidae","Perciformes","Actinopteri","Chordata","Eukaryota",98.81,0.594999999999999,"family","Sebastidae"
"298","ASV64","Sebastes trivittatus","Sebastes","Sebastidae","Perciformes","Actinopteri","Chordata","Eukaryota",98.81,0.594999999999999,"family","Sebastidae"
"299","ASV64","Sebastes variabilis","Sebastes","Sebastidae","Perciformes","Actinopteri","Chordata","Eukaryota",98.81,0.594999999999999,"family","Sebastidae"
"300","ASV64","Sebastes vulpes","Sebastes","Sebastidae","Perciformes","Actinopteri","Chordata","Eukaryota",98.81,0.594999999999999,"family","Sebastidae"
"301","ASV64","Hozukius emblemarius","Hozukius","Sebastidae","Perciformes","Actinopteri","Chordata","Eukaryota",98.214,1.191,"family","Sebastidae"
"302","ASV64","Sebastes auriculatus","Sebastes","Sebastidae","Perciformes","Actinopteri","Chordata","Eukaryota",98.214,1.191,"family","Sebastidae"
"303","ASV64","Sebastes entomelas","Sebastes","Sebastidae","Perciformes","Actinopteri","Chordata","Eukaryota",98.214,1.191,"family","Sebastidae"
"304","ASV64","Sebastes fasciatus","Sebastes","Sebastidae","Perciformes","Actinopteri","Chordata","Eukaryota",98.214,1.191,"family","Sebastidae"
"305","ASV64","Sebastes iracundus","Sebastes","Sebastidae","Perciformes","Actinopteri","Chordata","Eukaryota",98.214,1.191,"family","Sebastidae"
"306","ASV64","Sebastes matsubarae","Sebastes","Sebastidae","Perciformes","Actinopteri","Chordata","Eukaryota",98.214,1.191,"family","Sebastidae"
"307","ASV64","Sebastes norvegicus","Sebastes","Sebastidae","Perciformes","Actinopteri","Chordata","Eukaryota",98.214,1.191,"family","Sebastidae"
"308","ASV64","Sebastes oblongus","Sebastes","Sebastidae","Perciformes","Actinopteri","Chordata","Eukaryota",98.214,1.191,"family","Sebastidae"
"309","ASV64","Sebastes paucispinis","Sebastes","Sebastidae","Perciformes","Actinopteri","Chordata","Eukaryota",98.214,1.191,"family","Sebastidae"
"310","ASV64","Sebastes viviparus","Sebastes","Sebastidae","Perciformes","Actinopteri","Chordata","Eukaryota",98.214,1.191,"family","Sebastidae"
"311","ASV64","Sebastes caurinus","Sebastes","Sebastidae","Perciformes","Actinopteri","Chordata","Eukaryota",97.619,1.786,"family","Sebastidae"
"312","ASV64","Sebastes maliger","Sebastes","Sebastidae","Perciformes","Actinopteri","Chordata","Eukaryota",97.619,1.786,"family","Sebastidae"
"313","ASV64","Sebastes minor","Sebastes","Sebastidae","Perciformes","Actinopteri","Chordata","Eukaryota",97.619,1.786,"family","Sebastidae"
"314","ASV64","Sebastes nebulosus","Sebastes","Sebastidae","Perciformes","Actinopteri","Chordata","Eukaryota",97.619,1.786,"family","Sebastidae"
"315","ASV64","Sebastiscus albofasciatus","Sebastiscus","Sebastidae","Perciformes","Actinopteri","Chordata","Eukaryota",97.619,1.786,"family","Sebastidae"
"316","ASV64","Sebastiscus marmoratus","Sebastiscus","Sebastidae","Perciformes","Actinopteri","Chordata","Eukaryota",97.619,1.786,"family","Sebastidae"
"317","ASV64","Sebastolobus macrochir","Sebastolobus","Sebastidae","Perciformes","Actinopteri","Chordata","Eukaryota",97.619,1.786,"family","Sebastidae"
"318","ASV69","Ammodytes personatus","Ammodytes","Ammodytidae","Uranoscopiformes","Actinopteri","Chordata","Eukaryota",99.408,0,"family","Ammodytidae"
"319","ASV69","Ammodytes marinus","Ammodytes","Ammodytidae","Uranoscopiformes","Actinopteri","Chordata","Eukaryota",98.817,0.591000000000008,"family","Ammodytidae"
"320","ASV69","Ammodytes tobianus","Ammodytes","Ammodytidae","Uranoscopiformes","Actinopteri","Chordata","Eukaryota",98.817,0.591000000000008,"family","Ammodytidae"
"321","ASV69","Hyperoplus immaculatus","Hyperoplus","Ammodytidae","Uranoscopiformes","Actinopteri","Chordata","Eukaryota",98.817,0.591000000000008,"family","Ammodytidae"
"322","ASV69","Hyperoplus lanceolatus","Hyperoplus","Ammodytidae","Uranoscopiformes","Actinopteri","Chordata","Eukaryota",98.817,0.591000000000008,"family","Ammodytidae"
"323","ASV69","Ammodytes hexapterus","Ammodytes","Ammodytidae","Uranoscopiformes","Actinopteri","Chordata","Eukaryota",98.225,1.18300000000001,"family","Ammodytidae"
"324","ASV7","Clupea pallasii","Clupea","Clupeidae","Clupeiformes","Actinopteri","Chordata","Eukaryota",99.419,0,"family","Clupeidae"
"325","ASV7","Clupea harengus","Clupea","Clupeidae","Clupeiformes","Actinopteri","Chordata","Eukaryota",98.837,0.581999999999994,"family","Clupeidae"
"326","ASV7","Sprattus sprattus","Sprattus","Clupeidae","Clupeiformes","Actinopteri","Chordata","Eukaryota",98.837,0.581999999999994,"family","Clupeidae"
"327","ASV70","Glyptocephalus stelleri","Glyptocephalus","Pleuronectidae","Pleuronectiformes","Actinopteri","Chordata","Eukaryota",99.408,0,"family","Pleuronectidae"
"328","ASV70","Glyptocephalus zachirus","Glyptocephalus","Pleuronectidae","Pleuronectiformes","Actinopteri","Chordata","Eukaryota",99.408,0,"family","Pleuronectidae"
"329","ASV70","Glyptocephalus cynoglossus","Glyptocephalus","Pleuronectidae","Pleuronectiformes","Actinopteri","Chordata","Eukaryota",98.817,0.591000000000008,"family","Pleuronectidae"
"330","ASV70","Microstomus achne","Microstomus","Pleuronectidae","Pleuronectiformes","Actinopteri","Chordata","Eukaryota",98.817,0.591000000000008,"family","Pleuronectidae"
"331","ASV70","Microstomus kitt","Microstomus","Pleuronectidae","Pleuronectiformes","Actinopteri","Chordata","Eukaryota",98.817,0.591000000000008,"family","Pleuronectidae"
"332","ASV70","Limanda aspera","Limanda","Pleuronectidae","Pleuronectiformes","Actinopteri","Chordata","Eukaryota",98.225,1.18300000000001,"family","Pleuronectidae"
"333","ASV70","Limanda limanda","Limanda","Pleuronectidae","Pleuronectiformes","Actinopteri","Chordata","Eukaryota",98.225,1.18300000000001,"family","Pleuronectidae"
"334","ASV70","Hippoglossus hippoglossus","Hippoglossus","Pleuronectidae","Pleuronectiformes","Actinopteri","Chordata","Eukaryota",97.633,1.77500000000001,"family","Pleuronectidae"
"335","ASV70","Hippoglossus stenolepis","Hippoglossus","Pleuronectidae","Pleuronectiformes","Actinopteri","Chordata","Eukaryota",97.633,1.77500000000001,"family","Pleuronectidae"
"336","ASV72","Ammodytes personatus","Ammodytes","Ammodytidae","Uranoscopiformes","Actinopteri","Chordata","Eukaryota",98.817,0,"family","Ammodytidae"
"337","ASV72","Ammodytes marinus","Ammodytes","Ammodytidae","Uranoscopiformes","Actinopteri","Chordata","Eukaryota",98.225,0.591999999999999,"family","Ammodytidae"
"338","ASV72","Ammodytes tobianus","Ammodytes","Ammodytidae","Uranoscopiformes","Actinopteri","Chordata","Eukaryota",98.225,0.591999999999999,"family","Ammodytidae"
"339","ASV72","Hyperoplus immaculatus","Hyperoplus","Ammodytidae","Uranoscopiformes","Actinopteri","Chordata","Eukaryota",98.225,0.591999999999999,"family","Ammodytidae"
"340","ASV72","Hyperoplus lanceolatus","Hyperoplus","Ammodytidae","Uranoscopiformes","Actinopteri","Chordata","Eukaryota",98.225,0.591999999999999,"family","Ammodytidae"
"341","ASV72","Ammodytes hexapterus","Ammodytes","Ammodytidae","Uranoscopiformes","Actinopteri","Chordata","Eukaryota",97.633,1.184,"family","Ammodytidae"
"342","ASV73","Sprattus sprattus","Sprattus","Clupeidae","Clupeiformes","Actinopteri","Chordata","Eukaryota",99.419,0,"family","Clupeidae"
"343","ASV73","Clupea pallasii","Clupea","Clupeidae","Clupeiformes","Actinopteri","Chordata","Eukaryota",98.837,0.581999999999994,"family","Clupeidae"
"344","ASV73","Clupea harengus","Clupea","Clupeidae","Clupeiformes","Actinopteri","Chordata","Eukaryota",98.256,1.163,"family","Clupeidae"
"345","ASV100","Acipenser fulvescens","Acipenser","Acipenseridae","Acipenseriformes","Actinopteri","Chordata","Eukaryota",98.889,0,"genus","Acipenser"
"346","ASV100","Acipenser baerii","Acipenser","Acipenseridae","Acipenseriformes","Actinopteri","Chordata","Eukaryota",97.778,1.11099999999999,"genus","Acipenser"
"347","ASV100","Acipenser gueldenstaedtii","Acipenser","Acipenseridae","Acipenseriformes","Actinopteri","Chordata","Eukaryota",97.778,1.11099999999999,"genus","Acipenser"
"348","ASV100","Acipenser naccarii","Acipenser","Acipenseridae","Acipenseriformes","Actinopteri","Chordata","Eukaryota",97.778,1.11099999999999,"genus","Acipenser"
"349","ASV100","Acipenser persicus","Acipenser","Acipenseridae","Acipenseriformes","Actinopteri","Chordata","Eukaryota",97.778,1.11099999999999,"genus","Acipenser"
"350","ASV100","Acipenser sinensis","Acipenser","Acipenseridae","Acipenseriformes","Actinopteri","Chordata","Eukaryota",97.778,1.11099999999999,"genus","Acipenser"
"351","ASV100","Acipenser brevirostrum","Acipenser","Acipenseridae","Acipenseriformes","Actinopteri","Chordata","Eukaryota",97.222,1.667,"genus","Acipenser"
"352","ASV11","Oncorhynchus gorbuscha","Oncorhynchus","Salmonidae","Salmoniformes","Actinopteri","Chordata","Eukaryota",100,0,"genus","Oncorhynchus"
"353","ASV11","Oncorhynchus nerka","Oncorhynchus","Salmonidae","Salmoniformes","Actinopteri","Chordata","Eukaryota",99.412,0.587999999999994,"genus","Oncorhynchus"
"354","ASV11","Oncorhynchus clarkii","Oncorhynchus","Salmonidae","Salmoniformes","Actinopteri","Chordata","Eukaryota",98.824,1.176,"genus","Oncorhynchus"
"355","ASV11","Oncorhynchus gilae","Oncorhynchus","Salmonidae","Salmoniformes","Actinopteri","Chordata","Eukaryota",98.824,1.176,"genus","Oncorhynchus"
"356","ASV11","Oncorhynchus mykiss","Oncorhynchus","Salmonidae","Salmoniformes","Actinopteri","Chordata","Eukaryota",98.824,1.176,"genus","Oncorhynchus"
"357","ASV11","Oncorhynchus keta","Oncorhynchus","Salmonidae","Salmoniformes","Actinopteri","Chordata","Eukaryota",98.235,1.765,"genus","Oncorhynchus"
"358","ASV13","Oncorhynchus keta","Oncorhynchus","Salmonidae","Salmoniformes","Actinopteri","Chordata","Eukaryota",99.412,0,"genus","Oncorhynchus"
"359","ASV13","Oncorhynchus nerka","Oncorhynchus","Salmonidae","Salmoniformes","Actinopteri","Chordata","Eukaryota",99.412,0,"genus","Oncorhynchus"
"360","ASV13","Oncorhynchus clarkii","Oncorhynchus","Salmonidae","Salmoniformes","Actinopteri","Chordata","Eukaryota",98.824,0.588000000000008,"genus","Oncorhynchus"
"361","ASV13","Oncorhynchus gilae","Oncorhynchus","Salmonidae","Salmoniformes","Actinopteri","Chordata","Eukaryota",98.824,0.588000000000008,"genus","Oncorhynchus"
"362","ASV13","Oncorhynchus gorbuscha","Oncorhynchus","Salmonidae","Salmoniformes","Actinopteri","Chordata","Eukaryota",98.824,0.588000000000008,"genus","Oncorhynchus"
"363","ASV13","Oncorhynchus kisutch","Oncorhynchus","Salmonidae","Salmoniformes","Actinopteri","Chordata","Eukaryota",98.824,0.588000000000008,"genus","Oncorhynchus"
"364","ASV13","Oncorhynchus mykiss","Oncorhynchus","Salmonidae","Salmoniformes","Actinopteri","Chordata","Eukaryota",98.824,0.588000000000008,"genus","Oncorhynchus"
"365","ASV13","Oncorhynchus tshawytscha","Oncorhynchus","Salmonidae","Salmoniformes","Actinopteri","Chordata","Eukaryota",97.647,1.765,"genus","Oncorhynchus"
"366","ASV18","Acipenser fulvescens","Acipenser","Acipenseridae","Acipenseriformes","Actinopteri","Chordata","Eukaryota",98.889,0,"genus","Acipenser"
"367","ASV18","Acipenser baerii","Acipenser","Acipenseridae","Acipenseriformes","Actinopteri","Chordata","Eukaryota",97.778,1.11099999999999,"genus","Acipenser"
"368","ASV18","Acipenser gueldenstaedtii","Acipenser","Acipenseridae","Acipenseriformes","Actinopteri","Chordata","Eukaryota",97.778,1.11099999999999,"genus","Acipenser"
"369","ASV18","Acipenser naccarii","Acipenser","Acipenseridae","Acipenseriformes","Actinopteri","Chordata","Eukaryota",97.778,1.11099999999999,"genus","Acipenser"
"370","ASV18","Acipenser persicus","Acipenser","Acipenseridae","Acipenseriformes","Actinopteri","Chordata","Eukaryota",97.778,1.11099999999999,"genus","Acipenser"
"371","ASV18","Acipenser sinensis","Acipenser","Acipenseridae","Acipenseriformes","Actinopteri","Chordata","Eukaryota",97.778,1.11099999999999,"genus","Acipenser"
"372","ASV18","Acipenser brevirostrum","Acipenser","Acipenseridae","Acipenseriformes","Actinopteri","Chordata","Eukaryota",97.222,1.667,"genus","Acipenser"
"373","ASV19","Liparis cyclopus","Liparis","Liparidae","Perciformes","Actinopteri","Chordata","Eukaryota",97.041,0,"genus","Liparis"
"374","ASV19","Liparis miostomus","Liparis","Liparidae","Perciformes","Actinopteri","Chordata","Eukaryota",96.45,0.590999999999994,"genus","Liparis"
"375","ASV22","Stenobrachius leucopsarus","Stenobrachius","Myctophidae","Myctophiformes","Actinopteri","Chordata","Eukaryota",100,0,"genus","Stenobrachius"
"376","ASV22","Stenobrachius nannochir","Stenobrachius","Myctophidae","Myctophiformes","Actinopteri","Chordata","Eukaryota",99.419,0.581000000000003,"genus","Stenobrachius"
"377","ASV24","Acipenser fulvescens","Acipenser","Acipenseridae","Acipenseriformes","Actinopteri","Chordata","Eukaryota",98.889,0,"genus","Acipenser"
"378","ASV24","Acipenser baerii","Acipenser","Acipenseridae","Acipenseriformes","Actinopteri","Chordata","Eukaryota",97.778,1.11099999999999,"genus","Acipenser"
"379","ASV24","Acipenser gueldenstaedtii","Acipenser","Acipenseridae","Acipenseriformes","Actinopteri","Chordata","Eukaryota",97.778,1.11099999999999,"genus","Acipenser"
"380","ASV24","Acipenser naccarii","Acipenser","Acipenseridae","Acipenseriformes","Actinopteri","Chordata","Eukaryota",97.778,1.11099999999999,"genus","Acipenser"
"381","ASV24","Acipenser persicus","Acipenser","Acipenseridae","Acipenseriformes","Actinopteri","Chordata","Eukaryota",97.778,1.11099999999999,"genus","Acipenser"
"382","ASV24","Acipenser sinensis","Acipenser","Acipenseridae","Acipenseriformes","Actinopteri","Chordata","Eukaryota",97.778,1.11099999999999,"genus","Acipenser"
"383","ASV24","Acipenser brevirostrum","Acipenser","Acipenseridae","Acipenseriformes","Actinopteri","Chordata","Eukaryota",97.222,1.667,"genus","Acipenser"
"384","ASV3","Acipenser fulvescens","Acipenser","Acipenseridae","Acipenseriformes","Actinopteri","Chordata","Eukaryota",100,0,"genus","Acipenser"
"385","ASV3","Acipenser baerii","Acipenser","Acipenseridae","Acipenseriformes","Actinopteri","Chordata","Eukaryota",98.889,1.111,"genus","Acipenser"
"386","ASV3","Acipenser gueldenstaedtii","Acipenser","Acipenseridae","Acipenseriformes","Actinopteri","Chordata","Eukaryota",98.889,1.111,"genus","Acipenser"
"387","ASV3","Acipenser naccarii","Acipenser","Acipenseridae","Acipenseriformes","Actinopteri","Chordata","Eukaryota",98.889,1.111,"genus","Acipenser"
"388","ASV3","Acipenser persicus","Acipenser","Acipenseridae","Acipenseriformes","Actinopteri","Chordata","Eukaryota",98.889,1.111,"genus","Acipenser"
"389","ASV3","Acipenser sinensis","Acipenser","Acipenseridae","Acipenseriformes","Actinopteri","Chordata","Eukaryota",98.889,1.111,"genus","Acipenser"
"390","ASV3","Acipenser brevirostrum","Acipenser","Acipenseridae","Acipenseriformes","Actinopteri","Chordata","Eukaryota",98.333,1.667,"genus","Acipenser"
"391","ASV30","Oncorhynchus nerka","Oncorhynchus","Salmonidae","Salmoniformes","Actinopteri","Chordata","Eukaryota",100,0,"genus","Oncorhynchus"
"392","ASV30","Oncorhynchus clarkii","Oncorhynchus","Salmonidae","Salmoniformes","Actinopteri","Chordata","Eukaryota",99.412,0.587999999999994,"genus","Oncorhynchus"
"393","ASV30","Oncorhynchus gilae","Oncorhynchus","Salmonidae","Salmoniformes","Actinopteri","Chordata","Eukaryota",99.412,0.587999999999994,"genus","Oncorhynchus"
"394","ASV30","Oncorhynchus gorbuscha","Oncorhynchus","Salmonidae","Salmoniformes","Actinopteri","Chordata","Eukaryota",99.412,0.587999999999994,"genus","Oncorhynchus"
"395","ASV30","Oncorhynchus mykiss","Oncorhynchus","Salmonidae","Salmoniformes","Actinopteri","Chordata","Eukaryota",99.412,0.587999999999994,"genus","Oncorhynchus"
"396","ASV30","Oncorhynchus keta","Oncorhynchus","Salmonidae","Salmoniformes","Actinopteri","Chordata","Eukaryota",98.824,1.176,"genus","Oncorhynchus"
"397","ASV30","Oncorhynchus kisutch","Oncorhynchus","Salmonidae","Salmoniformes","Actinopteri","Chordata","Eukaryota",98.235,1.765,"genus","Oncorhynchus"
"398","ASV30","Oncorhynchus tshawytscha","Oncorhynchus","Salmonidae","Salmoniformes","Actinopteri","Chordata","Eukaryota",98.235,1.765,"genus","Oncorhynchus"
"399","ASV44","Oncorhynchus keta","Oncorhynchus","Salmonidae","Salmoniformes","Actinopteri","Chordata","Eukaryota",99.408,0,"genus","Oncorhynchus"
"400","ASV44","Oncorhynchus nerka","Oncorhynchus","Salmonidae","Salmoniformes","Actinopteri","Chordata","Eukaryota",98.817,0.591000000000008,"genus","Oncorhynchus"
"401","ASV44","Oncorhynchus kisutch","Oncorhynchus","Salmonidae","Salmoniformes","Actinopteri","Chordata","Eukaryota",98.235,1.173,"genus","Oncorhynchus"
"402","ASV44","Oncorhynchus mykiss","Oncorhynchus","Salmonidae","Salmoniformes","Actinopteri","Chordata","Eukaryota",98.225,1.18300000000001,"genus","Oncorhynchus"
"403","ASV44","Oncorhynchus clarkii","Oncorhynchus","Salmonidae","Salmoniformes","Actinopteri","Chordata","Eukaryota",97.647,1.761,"genus","Oncorhynchus"
"404","ASV44","Oncorhynchus gilae","Oncorhynchus","Salmonidae","Salmoniformes","Actinopteri","Chordata","Eukaryota",97.647,1.761,"genus","Oncorhynchus"
"405","ASV44","Oncorhynchus gorbuscha","Oncorhynchus","Salmonidae","Salmoniformes","Actinopteri","Chordata","Eukaryota",97.647,1.761,"genus","Oncorhynchus"
"406","ASV67","Oncorhynchus gorbuscha","Oncorhynchus","Salmonidae","Salmoniformes","Actinopteri","Chordata","Eukaryota",99.412,0,"genus","Oncorhynchus"
"407","ASV67","Oncorhynchus nerka","Oncorhynchus","Salmonidae","Salmoniformes","Actinopteri","Chordata","Eukaryota",99.408,0.00400000000000489,"genus","Oncorhynchus"
"408","ASV67","Oncorhynchus keta","Oncorhynchus","Salmonidae","Salmoniformes","Actinopteri","Chordata","Eukaryota",98.817,0.595000000000013,"genus","Oncorhynchus"
"409","ASV67","Oncorhynchus mykiss","Oncorhynchus","Salmonidae","Salmoniformes","Actinopteri","Chordata","Eukaryota",98.817,0.595000000000013,"genus","Oncorhynchus"
"410","ASV67","Oncorhynchus clarkii","Oncorhynchus","Salmonidae","Salmoniformes","Actinopteri","Chordata","Eukaryota",98.235,1.17700000000001,"genus","Oncorhynchus"
"411","ASV67","Oncorhynchus gilae","Oncorhynchus","Salmonidae","Salmoniformes","Actinopteri","Chordata","Eukaryota",98.235,1.17700000000001,"genus","Oncorhynchus"
"412","ASV67","Oncorhynchus kisutch","Oncorhynchus","Salmonidae","Salmoniformes","Actinopteri","Chordata","Eukaryota",97.647,1.765,"genus","Oncorhynchus"
"413","ASV71","Stenobrachius leucopsarus","Stenobrachius","Myctophidae","Myctophiformes","Actinopteri","Chordata","Eukaryota",99.419,0,"genus","Stenobrachius"
"414","ASV71","Stenobrachius nannochir","Stenobrachius","Myctophidae","Myctophiformes","Actinopteri","Chordata","Eukaryota",98.837,0.581999999999994,"genus","Stenobrachius"
"415","ASV87","Acipenser fulvescens","Acipenser","Acipenseridae","Acipenseriformes","Actinopteri","Chordata","Eukaryota",98.889,0,"genus","Acipenser"
"416","ASV87","Acipenser baerii","Acipenser","Acipenseridae","Acipenseriformes","Actinopteri","Chordata","Eukaryota",97.778,1.11099999999999,"genus","Acipenser"
"417","ASV87","Acipenser gueldenstaedtii","Acipenser","Acipenseridae","Acipenseriformes","Actinopteri","Chordata","Eukaryota",97.778,1.11099999999999,"genus","Acipenser"
"418","ASV87","Acipenser naccarii","Acipenser","Acipenseridae","Acipenseriformes","Actinopteri","Chordata","Eukaryota",97.778,1.11099999999999,"genus","Acipenser"
"419","ASV87","Acipenser persicus","Acipenser","Acipenseridae","Acipenseriformes","Actinopteri","Chordata","Eukaryota",97.778,1.11099999999999,"genus","Acipenser"
"420","ASV87","Acipenser sinensis","Acipenser","Acipenseridae","Acipenseriformes","Actinopteri","Chordata","Eukaryota",97.778,1.11099999999999,"genus","Acipenser"
"421","ASV87","Acipenser brevirostrum","Acipenser","Acipenseridae","Acipenseriformes","Actinopteri","Chordata","Eukaryota",97.222,1.667,"genus","Acipenser"
"422","ASV89","Acipenser fulvescens","Acipenser","Acipenseridae","Acipenseriformes","Actinopteri","Chordata","Eukaryota",97.778,0,"genus","Acipenser"
"423","ASV89","Acipenser baerii","Acipenser","Acipenseridae","Acipenseriformes","Actinopteri","Chordata","Eukaryota",96.667,1.111,"genus","Acipenser"
"424","ASV89","Acipenser gueldenstaedtii","Acipenser","Acipenseridae","Acipenseriformes","Actinopteri","Chordata","Eukaryota",96.667,1.111,"genus","Acipenser"
"425","ASV89","Acipenser naccarii","Acipenser","Acipenseridae","Acipenseriformes","Actinopteri","Chordata","Eukaryota",96.667,1.111,"genus","Acipenser"
"426","ASV89","Acipenser persicus","Acipenser","Acipenseridae","Acipenseriformes","Actinopteri","Chordata","Eukaryota",96.667,1.111,"genus","Acipenser"
"427","ASV89","Acipenser sinensis","Acipenser","Acipenseridae","Acipenseriformes","Actinopteri","Chordata","Eukaryota",96.667,1.111,"genus","Acipenser"
"428","ASV89","Acipenser brevirostrum","Acipenser","Acipenseridae","Acipenseriformes","Actinopteri","Chordata","Eukaryota",96.111,1.667,"genus","Acipenser"
"429","ASV9","Oncorhynchus keta","Oncorhynchus","Salmonidae","Salmoniformes","Actinopteri","Chordata","Eukaryota",100,0,"genus","Oncorhynchus"
"430","ASV9","Oncorhynchus nerka","Oncorhynchus","Salmonidae","Salmoniformes","Actinopteri","Chordata","Eukaryota",99.408,0.591999999999999,"genus","Oncorhynchus"
"431","ASV9","Oncorhynchus kisutch","Oncorhynchus","Salmonidae","Salmoniformes","Actinopteri","Chordata","Eukaryota",98.824,1.176,"genus","Oncorhynchus"
"432","ASV9","Oncorhynchus mykiss","Oncorhynchus","Salmonidae","Salmoniformes","Actinopteri","Chordata","Eukaryota",98.817,1.18300000000001,"genus","Oncorhynchus"
"433","ASV9","Oncorhynchus clarkii","Oncorhynchus","Salmonidae","Salmoniformes","Actinopteri","Chordata","Eukaryota",98.235,1.765,"genus","Oncorhynchus"
"434","ASV9","Oncorhynchus gilae","Oncorhynchus","Salmonidae","Salmoniformes","Actinopteri","Chordata","Eukaryota",98.235,1.765,"genus","Oncorhynchus"
"435","ASV9","Oncorhynchus gorbuscha","Oncorhynchus","Salmonidae","Salmoniformes","Actinopteri","Chordata","Eukaryota",98.235,1.765,"genus","Oncorhynchus"
"436","ASV1","Leuroglossus schmidti","Leuroglossus","Bathylagidae","Argentiniformes","Actinopteri","Chordata","Eukaryota",100,0,"species","Leuroglossus schmidti"
"437","ASV102","Leuroglossus schmidti","Leuroglossus","Bathylagidae","Argentiniformes","Actinopteri","Chordata","Eukaryota",99.408,0,"species","Leuroglossus schmidti"
"438","ASV16","Leuroglossus schmidti","Leuroglossus","Bathylagidae","Argentiniformes","Actinopteri","Chordata","Eukaryota",99.408,0,"species","Leuroglossus schmidti"
"439","ASV2","Pleurogrammus monopterygius","Pleurogrammus","Hexagrammidae","Perciformes","Actinopteri","Chordata","Eukaryota",100,0,"species","Pleurogrammus monopterygius"
"440","ASV20","Leuroglossus schmidti","Leuroglossus","Bathylagidae","Argentiniformes","Actinopteri","Chordata","Eukaryota",99.408,0,"species","Leuroglossus schmidti"
"441","ASV28","Leuroglossus schmidti","Leuroglossus","Bathylagidae","Argentiniformes","Actinopteri","Chordata","Eukaryota",99.408,0,"species","Leuroglossus schmidti"
"442","ASV29","Pleurogrammus monopterygius","Pleurogrammus","Hexagrammidae","Perciformes","Actinopteri","Chordata","Eukaryota",99.408,0,"species","Pleurogrammus monopterygius"
"443","ASV32","Leuroglossus schmidti","Leuroglossus","Bathylagidae","Argentiniformes","Actinopteri","Chordata","Eukaryota",99.408,0,"species","Leuroglossus schmidti"
"444","ASV39","Leuroglossus schmidti","Leuroglossus","Bathylagidae","Argentiniformes","Actinopteri","Chordata","Eukaryota",99.408,0,"species","Leuroglossus schmidti"
"445","ASV40","Leuroglossus schmidti","Leuroglossus","Bathylagidae","Argentiniformes","Actinopteri","Chordata","Eukaryota",99.408,0,"species","Leuroglossus schmidti"
"446","ASV41","Leuroglossus schmidti","Leuroglossus","Bathylagidae","Argentiniformes","Actinopteri","Chordata","Eukaryota",99.408,0,"species","Leuroglossus schmidti"
"447","ASV42","Leuroglossus schmidti","Leuroglossus","Bathylagidae","Argentiniformes","Actinopteri","Chordata","Eukaryota",99.408,0,"species","Leuroglossus schmidti"
"448","ASV46","Leuroglossus schmidti","Leuroglossus","Bathylagidae","Argentiniformes","Actinopteri","Chordata","Eukaryota",99.408,0,"species","Leuroglossus schmidti"
"449","ASV47","Pleurogrammus monopterygius","Pleurogrammus","Hexagrammidae","Perciformes","Actinopteri","Chordata","Eukaryota",99.408,0,"species","Pleurogrammus monopterygius"
"450","ASV49","Leuroglossus schmidti","Leuroglossus","Bathylagidae","Argentiniformes","Actinopteri","Chordata","Eukaryota",99.408,0,"species","Leuroglossus schmidti"
"451","ASV5","Leuroglossus schmidti","Leuroglossus","Bathylagidae","Argentiniformes","Actinopteri","Chordata","Eukaryota",100,0,"species","Leuroglossus schmidti"
"452","ASV51","Leuroglossus schmidti","Leuroglossus","Bathylagidae","Argentiniformes","Actinopteri","Chordata","Eukaryota",99.408,0,"species","Leuroglossus schmidti"
"453","ASV52","Leuroglossus schmidti","Leuroglossus","Bathylagidae","Argentiniformes","Actinopteri","Chordata","Eukaryota",99.408,0,"species","Leuroglossus schmidti"
"454","ASV53","Pleurogrammus monopterygius","Pleurogrammus","Hexagrammidae","Perciformes","Actinopteri","Chordata","Eukaryota",99.408,0,"species","Pleurogrammus monopterygius"
"455","ASV57","Leuroglossus schmidti","Leuroglossus","Bathylagidae","Argentiniformes","Actinopteri","Chordata","Eukaryota",99.408,0,"species","Leuroglossus schmidti"
"456","ASV58","Leuroglossus schmidti","Leuroglossus","Bathylagidae","Argentiniformes","Actinopteri","Chordata","Eukaryota",99.408,0,"species","Leuroglossus schmidti"
"457","ASV60","Leuroglossus schmidti","Leuroglossus","Bathylagidae","Argentiniformes","Actinopteri","Chordata","Eukaryota",99.408,0,"species","Leuroglossus schmidti"
"458","ASV63","Pleurogrammus monopterygius","Pleurogrammus","Hexagrammidae","Perciformes","Actinopteri","Chordata","Eukaryota",99.408,0,"species","Pleurogrammus monopterygius"
"459","ASV65","Leuroglossus schmidti","Leuroglossus","Bathylagidae","Argentiniformes","Actinopteri","Chordata","Eukaryota",99.408,0,"species","Leuroglossus schmidti"
"460","ASV68","Orcinus orca","Orcinus","Delphinidae","Artiodactyla","Mammalia","Chordata","Eukaryota",100,0,"species","Orcinus orca"
"461","ASV74","Leuroglossus schmidti","Leuroglossus","Bathylagidae","Argentiniformes","Actinopteri","Chordata","Eukaryota",99.408,0,"species","Leuroglossus schmidti"
"462","ASV75","Balaenoptera physalus","Balaenoptera","Balaenopteridae","Artiodactyla","Mammalia","Chordata","Eukaryota",100,0,"species","Balaenoptera physalus"
"463","ASV77","Leuroglossus schmidti","Leuroglossus","Bathylagidae","Argentiniformes","Actinopteri","Chordata","Eukaryota",98.817,0,"species","Leuroglossus schmidti"
"464","ASV78","Leuroglossus schmidti","Leuroglossus","Bathylagidae","Argentiniformes","Actinopteri","Chordata","Eukaryota",98.817,0,"species","Leuroglossus schmidti"
"465","ASV82","Leuroglossus schmidti","Leuroglossus","Bathylagidae","Argentiniformes","Actinopteri","Chordata","Eukaryota",99.408,0,"species","Leuroglossus schmidti"
"466","ASV88","Callorhinus ursinus","Callorhinus","Otariidae","Carnivora","Mammalia","Chordata","Eukaryota",100,0,"species","Callorhinus ursinus"
"467","ASV95","Canis lupus","Canis","Canidae","Carnivora","Mammalia","Chordata","Eukaryota",100,0,"species","Canis lupus"
"468","ASV8","Hexagrammos decagrammus","Hexagrammos","Hexagrammidae","Perciformes","Actinopteri","Chordata","Eukaryota",NA,NA,"species","Hexagrammos decagrammus"
"469","ASV55","Hexagrammos decagrammus","Hexagrammos","Hexagrammidae","Perciformes","Actinopteri","Chordata","Eukaryota",NA,NA,"species","Hexagrammos decagrammus"
"470","ASV84","Hexagrammos decagrammus","Hexagrammos","Hexagrammidae","Perciformes","Actinopteri","Chordata","Eukaryota",NA,NA,"species","Hexagrammos decagrammus"
